 {
 "setrxt" : {
 "wall_time" :    9.41991806E-04
 },
 "usrrxt" : {
 "wall_time" :    1.36002898E-04
 },
 "adjrxt" : {
 "wall_time" :    7.30007887E-05
 },
 "O1D_to_2OH_adj_and_phtadj" : {
 "wall_time" :    1.69992447E-04
 },
 "imp_sol" : {
 "wall_time" :    3.25100124E-03
 },
 "before_exp_sol" : {
 "wall_time" :    9.98377800E-07
 },
 "exp_sol" : {
 "wall_time" :    1.61999464E-03
 },
 "total_time" : {
 "wall_time" :    6.19298220E-03
 }
 }
